{"search":"","showTags":true,"showAttachments":false,"hideUnresolved":false,"showOrphans":false,"showArrow":false,"textFadeMultiplier":0.4,"nodeSizeMultiplier":1.50432400932401,"lineSizeMultiplier":3.07597902097902,"centerStrength":0.661714023129356,"repelStrength":4.8041958041958,"linkStrength":0.602894998851191,"linkDistance":30,"scale":0.5951977796302772}